player,position,team,age,birth_year,minutes_90s,cards_yellow,cards_red,cards_yellow_red,fouls,fouled,offsides,crosses,interceptions,tackles_won,pens_won,pens_conceded,own_goals,ball_recoveries,aerials_won,aerials_lost,aerials_won_pct
Aaron Mooy,MF,Australia,32-083,1990,4.0,1,0,0,4,1,0,10,3,6,0,0,0,35,2,3,40.0
Aaron Ramsey,MF,Wales,31-346,1990,3.0,1,0,0,3,3,0,5,0,0,0,0,0,19,0,2,0.0
Abdelhamid Sabiri,MF,Morocco,26-009,1996,1.5,1,0,0,2,1,0,1,5,0,0,0,0,5,2,1,66.7
Abdelkarim Hassan,DF,Qatar,29-101,1993,3.0,0,0,0,1,4,1,6,1,3,0,0,0,11,3,1,75.0
Abderrazak Hamdallah,FW,Morocco,31-355,1990,0.5,0,0,0,3,1,0,0,0,0,0,0,0,1,1,7,12.5
Abdessamad Ezzalzouli,FW,Morocco,20-355,2001,0.9,0,0,0,4,0,0,1,0,2,0,0,0,4,1,2,33.3
Abdou Diallo,DF,Senegal,26-217,1996,3.7,0,0,0,3,0,0,3,1,2,0,0,0,17,7,6,53.8
Abdul Fatawu Issahaku,FW,Ghana,18-274,2004,0.0,0,0,0,0,0,0,0,0,0,0,0,0,0,0,0,
Abdulaziz Hatem,MF,Qatar,32-040,1990,2.2,0,0,0,4,1,0,1,1,1,0,0,0,4,1,2,33.3
Abdulelah Al-Amri,DF,Saudi Arabia,25-326,1997,2.0,2,0,0,3,3,0,1,4,0,0,0,0,15,10,4,71.4
Abdulellah Al-Malki,MF,Saudi Arabia,28-057,1994,1.9,2,0,0,8,4,0,1,2,1,0,0,0,9,0,1,0.0
Abdullah Madu,DF,Saudi Arabia,29-145,1993,0.5,1,0,0,1,0,0,0,0,0,0,0,0,2,1,1,50.0
Abdulrahman Al-Aboud,MF,Saudi Arabia,27-189,1995,0.4,0,0,0,0,0,0,2,0,3,0,0,0,1,1,1,50.0
Abolfazl Jalali,DF,IR Iran,24-164,1998,0.2,1,0,0,1,4,0,2,0,0,0,0,0,3,0,0,
Achraf Hakimi,DF,Morocco,24-033,1998,4.0,0,0,0,2,8,0,7,6,11,0,0,0,21,4,4,50.0
Adrien Rabiot,MF,France,27-248,1995,3.3,0,0,0,4,0,0,5,5,8,0,0,0,15,9,6,60.0
Agustín Canobbio,MF,Uruguay,24-067,1998,0.1,0,0,0,0,1,0,0,0,1,0,0,0,2,0,1,0.0
Ahmad Nourollahi,MF,IR Iran,29-308,1993,2.5,0,0,0,2,0,0,3,6,3,0,0,0,15,1,0,100.0
Ahmed Alaaeldin,FW,Qatar,29-310,1993,0.1,0,0,0,0,0,0,0,0,0,0,0,0,0,0,0,
Aimen Dahmen,GK,Tunisia,25-313,1997,3.0,0,0,0,0,0,0,0,0,0,0,0,0,3,0,0,
Ajdin Hrustic,MF,Australia,26-155,1996,0.7,0,0,0,1,2,0,1,1,0,0,0,0,3,0,2,0.0
Akram Afif,FW,Qatar,26-019,1996,3.0,1,0,0,2,6,1,13,0,0,0,0,0,14,1,1,50.0
Alan Franco,MF,Ecuador,24-108,1998,0.5,0,0,0,0,0,0,0,2,0,0,0,0,1,1,1,50.0
Alejandro Balde,DF,Spain,19-050,2003,1.4,0,0,0,2,1,0,2,0,6,0,0,0,10,0,2,0.0
Aleksandar Mitrović,FW,Serbia,28-082,1994,2.9,1,0,0,3,1,1,1,0,0,0,0,0,6,5,12,29.4
Alex Sandro,DF,Brazil,31-315,1991,1.9,0,0,0,2,2,0,4,3,3,0,0,0,16,2,1,66.7
Alex Telles,DF,Brazil,29-357,1992,0.7,0,0,0,1,0,0,3,0,2,0,0,0,1,1,1,50.0
Alexander Bah,DF,Denmark,24-363,1997,0.5,0,0,0,1,0,0,4,2,4,0,0,0,3,4,0,100.0
Alexander Djiku,DF,Ghana,28-120,1994,1.1,0,0,0,0,2,0,0,2,1,0,0,0,3,2,0,100.0
Alexis Mac Allister,MF,Argentina,23-348,1998,2.6,0,0,0,1,5,0,1,2,2,0,0,0,18,0,4,0.0
Alexis Vega,FW,Mexico,25-012,1997,2.1,0,0,0,2,6,4,6,1,0,0,0,0,16,1,5,16.7
Ali Abdi,DF,Tunisia,28-352,1993,2.1,1,0,0,5,0,1,5,4,5,0,0,0,17,9,5,64.3
Ali Al Hassan,MF,Saudi Arabia,25-278,1997,0.5,1,0,0,2,0,0,1,0,1,0,0,0,1,0,0,
Ali Al-Bulaihi,DF,Saudi Arabia,33-016,1989,2.4,1,0,0,1,1,0,0,3,2,0,0,0,5,3,3,50.0
Ali Assadalla,MF,Qatar,29-322,1993,0.3,0,0,0,0,0,0,0,0,0,0,0,0,1,0,0,
Ali Gholizadeh,MF,IR Iran,26-272,1996,2.2,0,0,0,3,1,2,4,3,0,0,0,0,21,0,1,0.0
Ali Karimi,MF,IR Iran,28-299,1994,1.1,0,0,0,4,1,0,2,3,3,0,0,0,6,3,2,60.0
Ali Maâloul,DF,Tunisia,32-340,1990,1.0,0,0,0,0,0,0,13,0,1,0,0,0,5,0,1,0.0
Alidu Seidu,DF,Ghana,22-186,2000,1.7,2,0,0,5,5,0,6,0,4,0,0,0,6,1,0,100.0
Alireza Beiranvand,GK,IR Iran,30-077,1992,1.2,0,0,0,0,0,0,0,0,0,0,0,0,0,0,0,
Alireza Jahanbakhsh,MF,IR Iran,29-118,1993,0.7,2,0,0,2,0,0,1,1,1,0,0,0,1,0,3,0.0
Alisson,GK,Brazil,30-066,1992,2.9,0,0,0,0,1,0,0,0,0,0,0,0,6,0,0,
Alistair Johnston,DF,Canada,24-060,1998,3.0,1,0,0,5,3,0,8,2,3,0,0,0,16,4,2,66.7
Almoez Ali,FW,Qatar,26-110,1996,2.5,1,0,0,2,2,3,0,1,0,0,0,0,6,2,9,18.2
Alphonso Davies,MF,Canada,22-035,2000,3.0,1,0,0,4,4,1,10,3,1,0,0,0,14,3,2,60.0
Amadou Onana,MF,Belgium,21-113,2001,1.2,2,0,0,4,3,0,0,0,1,0,0,0,7,2,0,100.0
Andre-Frank Zambo Anguissa,MF,Cameroon,27-021,1995,2.9,0,0,0,6,4,0,2,5,0,0,0,0,16,4,0,100.0
Andreas Christensen,DF,Denmark,26-241,1996,3.0,1,0,0,2,1,1,0,4,2,0,0,0,20,6,4,60.0
Andreas Cornelius,FW,Denmark,29-266,1993,1.0,1,0,0,4,2,0,1,0,0,0,0,0,2,11,8,57.9
Andreas Skov Olsen,FW,Denmark,22-343,1999,1.5,0,0,0,2,1,0,4,1,0,0,0,0,3,1,2,33.3
Andrej Kramarić,FW,Croatia,31-171,1991,3.0,0,0,0,0,1,0,5,0,1,0,0,0,10,0,4,0.0
Andries Noppert,GK,Netherlands,28-244,1994,4.0,0,0,0,0,0,0,0,0,0,0,0,0,4,0,0,
Andrija Živković,DF,Serbia,26-149,1996,2.3,0,0,0,2,4,0,8,3,3,0,0,0,11,2,2,50.0
André Ayew,MF,Ghana,32-355,1989,2.2,1,0,0,2,6,1,0,0,1,0,0,0,6,3,13,18.8
André Onana,GK,Cameroon,26-249,1996,0.9,0,0,0,0,0,0,0,0,0,0,0,0,1,0,0,
André Silva,FW,Portugal,27-031,1995,0.3,0,0,0,0,0,0,0,0,0,0,0,0,0,1,2,33.3
Andrés Guardado,MF,Mexico,36-070,1986,0.5,0,0,0,1,0,0,0,0,2,0,0,0,5,0,0,
Anis Ben Slimane,MF,Tunisia,21-266,2001,1.6,0,0,0,0,0,0,8,1,1,0,0,0,5,5,3,62.5
Ansu Fati,FW,Spain,20-037,2002,0.5,0,0,0,0,0,0,1,0,1,0,0,0,1,1,0,100.0
Ante Budimir,FW,Croatia,31-138,1991,0.5,0,0,0,3,1,0,0,0,1,0,0,0,0,2,4,33.3
Anthony Contreras,FW,Costa Rica,22-312,2000,1.4,1,0,0,1,1,0,1,1,2,0,0,0,4,5,6,45.5
Antoine Griezmann,MF,France,31-261,1991,3.2,0,0,0,0,3,2,26,4,5,0,0,0,18,1,2,33.3
Antoine Semenyo,FW,Ghana,22-334,2000,0.2,0,0,0,0,0,1,0,0,0,0,0,0,0,1,4,20.0
Antonee Robinson,DF,United States,25-121,1997,4.0,0,0,0,2,0,1,21,7,4,0,0,0,40,5,3,62.5
Antonio Rüdiger,DF,Germany,29-279,1993,3.0,0,0,0,0,3,1,0,0,1,0,0,0,20,6,1,85.7
Antony,FW,Brazil,22-286,2000,1.2,0,0,0,0,3,0,7,0,0,0,0,0,9,1,1,50.0
António Silva,DF,Portugal,19-038,2003,1.0,0,0,0,2,0,0,0,1,1,0,0,0,4,2,4,33.3
Ao Tanaka,MF,Japan,24-088,1998,1.9,0,0,0,1,1,0,2,3,1,0,0,0,9,3,1,75.0
Ardon Jasari,FW,Switzerland,20-130,2002,0.0,0,0,0,0,0,0,0,0,0,0,0,0,1,0,0,
Arkadiusz Milik,FW,Poland,28-282,1994,1.1,1,0,0,1,2,1,0,0,0,0,0,0,3,4,5,44.4
Artur Jędrzejczyk,DF,Poland,35-033,1987,0.2,0,0,0,0,0,0,0,0,0,0,0,0,0,0,0,
Asiri Haitham,FW,Saudi Arabia,21-257,2001,0.0,0,0,0,1,0,0,0,0,0,0,0,0,0,0,1,0.0
Assim Madibo,MF,Qatar,26-046,1996,1.7,1,0,0,1,1,0,0,2,3,0,0,0,15,1,0,100.0
Atiba Hutchinson,MF,Canada,39-302,1983,1.8,0,0,0,2,2,0,0,1,1,0,0,0,10,5,0,100.0
Aurélien Tchouaméni,MF,France,22-314,2000,3.6,1,0,0,4,5,0,3,8,1,0,0,0,21,2,0,100.0
Awer Mabil,MF,Australia,27-083,1995,0.3,0,0,0,0,0,0,0,1,0,0,0,0,2,0,2,0.0
Axel Disasi,DF,France,24-271,1998,1.0,0,0,0,0,1,0,2,3,2,0,0,0,4,4,0,100.0
Axel Witsel,MF,Belgium,33-329,1989,3.0,0,0,0,5,4,0,0,4,2,0,0,0,12,4,2,66.7
Ayase Ueda,FW,Japan,24-088,1998,0.5,0,0,0,1,0,0,0,0,0,0,0,0,3,1,0,100.0
Aymeric Laporte,DF,Spain,28-194,1994,3.3,1,0,0,3,2,0,0,3,0,0,0,0,17,5,3,62.5
Aziz Behich,DF,Australia,31-356,1990,4.0,1,0,0,3,3,0,5,3,3,0,0,0,22,2,2,50.0
Azzedine Ounahi,MF,Morocco,22-232,2000,3.9,0,0,0,3,6,0,2,4,7,0,0,0,22,1,3,25.0
Aïssa Laïdouni,MF,Tunisia,25-359,1996,2.7,1,0,0,3,6,0,3,4,3,0,0,0,25,3,1,75.0
Baba Rahman,DF,Ghana,28-158,1994,2.0,0,0,0,7,1,0,11,1,3,0,0,0,6,2,4,33.3
Badr Banoun,DF,Morocco,29-068,1993,0.0,0,0,0,0,0,0,0,0,0,0,0,0,0,0,0,
Bailey Wright,DF,Australia,30-132,1992,0.2,0,0,0,0,0,0,0,0,0,0,0,0,0,1,3,25.0
Bamba Dieng,FW,Senegal,22-259,2000,1.1,0,0,0,5,3,0,1,0,1,0,0,0,4,2,8,20.0
Bartosz Bereszyński,DF,Poland,30-148,1992,3.8,1,0,0,5,3,0,4,2,2,0,0,0,15,4,2,66.7
Bassam Al-Rawi,DF,Qatar,24-356,1997,1.0,0,0,0,1,2,0,0,0,0,0,0,0,3,1,0,100.0
Ben Davies,DF,Wales,29-227,1993,2.6,0,0,0,1,3,0,0,1,2,0,0,0,20,7,4,63.6
Benjamin Pavard,DF,France,26-254,1996,1.0,0,0,0,0,0,0,1,1,0,0,0,0,5,0,0,
Bernardo Silva,MF,Portugal,28-119,1994,3.0,0,0,0,1,2,0,4,1,1,0,0,0,21,1,2,33.3
Borna Barišić,DF,Croatia,30-027,1992,1.3,1,0,0,5,2,0,11,0,1,0,0,0,3,6,2,75.0
Borna Sosa,DF,Croatia,24-320,1998,3.0,0,0,0,2,1,0,16,2,3,0,0,0,8,3,3,50.0
Boualem Khoukhi,DF,Qatar,32-151,1990,3.0,0,0,0,1,5,0,0,3,2,0,0,0,16,6,7,46.2
Boulaye Dia,FW,Senegal,26-021,1996,3.5,1,0,0,3,3,2,1,1,0,0,0,0,7,5,7,41.7
Brandon Aguilera,MF,Costa Rica,19-162,2003,1.0,0,0,0,2,2,1,1,1,0,0,0,0,8,2,1,66.7
Breel Embolo,FW,Switzerland,25-296,1997,3.6,0,0,0,3,12,2,0,0,0,0,0,0,6,2,8,20.0
Brenden Aaronson,MF,United States,22-046,2000,1.2,0,0,0,3,3,0,3,1,2,0,0,0,9,0,1,0.0
Brennan Johnson,FW,Wales,21-198,2001,1.0,0,0,0,2,1,0,1,0,0,0,0,0,3,0,2,0.0
Bruno Fernandes,FW,Portugal,28-090,1994,3.0,1,0,0,1,7,1,14,1,2,0,0,0,18,1,6,14.3
Bruno Guimarães,MF,Brazil,25-021,1997,0.8,1,0,0,2,2,0,3,0,0,0,0,0,6,1,0,100.0
Bruno Petković,FW,Croatia,28-082,1994,1.3,0,0,0,0,5,0,1,0,2,0,0,0,3,6,8,42.9
Bryan Mbeumo,FW,Cameroon,23-122,1999,2.6,0,0,0,1,8,0,12,1,0,0,0,0,7,5,9,35.7
Bryan Oviedo,DF,Costa Rica,32-292,1990,2.9,0,0,0,2,4,1,2,3,5,0,0,0,14,2,0,100.0
Bryan Ruiz,MF,Costa Rica,37-111,1985,0.3,0,0,0,0,1,0,0,0,1,0,0,0,1,2,2,50.0
Bukayo Saka,FW,England,21-093,2001,2.3,0,0,0,4,2,2,4,2,3,0,0,0,9,1,1,50.0
Callum Wilson,FW,England,30-283,1992,0.5,0,0,0,0,2,0,0,0,0,0,0,0,3,1,0,100.0
Cameron Carter-Vickers,DF,United States,24-341,1997,1.0,0,0,0,0,1,0,0,0,0,0,0,0,4,4,4,50.0
Carlos Gruezo,MF,Ecuador,27-232,1995,0.5,0,0,0,0,0,0,0,0,2,0,0,0,2,0,1,0.0
Carlos Martínez,DF,Costa Rica,23-252,1999,0.5,0,0,0,1,0,0,0,1,1,0,0,0,3,1,0,100.0
Carlos Soler,MF,Spain,25-339,1997,1.0,0,0,0,0,1,0,3,0,0,0,0,0,3,0,1,0.0
Casemiro,MF,Brazil,30-287,1992,3.0,0,0,0,5,2,0,0,6,3,0,0,0,18,2,3,40.0
Celso Borges,MF,Costa Rica,34-194,1988,2.8,1,0,0,2,0,0,2,4,1,0,0,0,17,6,0,100.0
Charles De Ketelaere,FW,Belgium,21-272,2001,0.2,0,0,0,0,1,0,0,0,0,0,0,0,3,0,3,0.0
Charly Rodríguez,MF,Mexico,25-338,1997,0.4,0,0,0,1,1,0,1,0,0,0,0,0,6,0,1,0.0
Cheikhou Kouyaté,MF,Senegal,32-351,1989,0.8,0,0,0,1,1,0,2,2,0,0,0,0,5,1,2,33.3
Cho Guesung,FW,Korea Republic,24-316,1998,3.1,1,0,0,7,6,4,1,0,0,0,0,0,4,21,12,63.6
Cho Yumin,FW,Korea Republic,26-020,1996,0.0,0,0,0,0,0,0,0,0,0,0,0,0,0,0,0,
Chris Mepham,DF,Wales,25-032,1997,3.0,1,0,0,7,1,1,0,1,6,0,0,0,8,7,2,77.8
Christian Bassogog,MF,Cameroon,27-050,1995,0.3,1,0,0,0,1,0,2,1,0,0,0,0,2,0,0,
Christian Eriksen,MF,Denmark,30-296,1992,3.0,0,0,0,2,1,0,30,0,0,0,0,0,30,0,4,0.0
Christian Fassnacht,FW,Switzerland,29-026,1993,0.1,0,0,0,0,0,0,0,0,0,0,0,0,2,0,0,
Christian Nørgaard,MF,Denmark,28-272,1994,0.1,0,0,0,0,0,0,0,0,0,0,0,0,2,0,0,
Christian Pulisic,FW,United States,24-080,1998,3.5,0,0,0,2,11,1,31,0,0,0,0,0,11,2,4,33.3
Christopher Wooh,DF,Cameroon,21-080,2001,1.0,0,0,0,2,0,0,0,1,0,0,0,0,0,0,0,
Cody Gakpo,FW,Netherlands,23-214,1999,3.8,0,0,0,4,1,3,22,2,2,0,0,0,12,3,3,50.0
Collins Fai,DF,Cameroon,30-116,1992,3.0,2,0,0,4,4,0,13,4,2,0,0,0,21,1,1,50.0
Connor Roberts,DF,Wales,27-075,1995,2.2,0,0,0,0,1,0,7,1,3,0,0,0,8,1,1,50.0
Craig Goodwin,MF,Australia,30-356,1991,2.6,0,0,0,1,2,0,18,0,3,0,0,0,14,1,5,16.7
Cristian Romero,DF,Argentina,24-224,1998,2.9,0,0,0,5,1,0,0,1,1,0,0,0,10,8,4,66.7
Cristiano Ronaldo,FW,Portugal,37-305,1985,2.8,0,0,0,2,4,7,1,0,0,1,0,0,6,7,2,77.8
Cyle Larin,FW,Canada,27-234,1995,1.5,0,0,0,2,0,2,3,0,0,0,0,0,4,2,1,66.7
César Azpilicueta,DF,Spain,33-101,1989,1.5,0,0,0,2,0,0,3,1,0,0,0,0,5,2,2,50.0
César Montes,DF,Mexico,25-286,1997,3.0,0,0,0,4,0,0,0,2,3,0,0,0,13,7,5,58.3
Daichi Kamada,FW,Japan,26-124,1996,3.6,0,0,0,1,1,3,5,0,3,0,0,0,10,3,2,60.0
Daizen Maeda,FW,Japan,25-048,1997,2.0,0,0,0,2,3,2,0,3,2,0,0,0,4,1,6,14.3
Daley Blind,DF,Netherlands,32-273,1990,4.0,0,0,0,3,1,0,6,3,7,0,0,0,21,3,7,30.0
Damian Szymański,MF,Poland,27-174,1995,0.3,0,0,0,0,0,0,0,1,0,0,0,0,0,0,0,
Dani Alves,DF,Brazil,39-215,1983,1.3,0,0,0,5,2,0,6,2,4,0,0,0,9,1,1,50.0
Dani Carvajal,DF,Spain,30-330,1992,1.5,0,0,0,0,1,0,0,2,1,0,0,0,9,0,1,0.0
Dani Olmo,FW,Spain,24-214,1998,4.1,0,0,0,5,6,2,10,1,3,0,0,0,15,0,4,0.0
Daniel Amartey,DF,Ghana,27-351,1994,2.8,2,0,0,3,1,0,0,3,4,0,0,0,15,5,4,55.6
Daniel Chacón,MF,Costa Rica,21-240,2001,0.0,0,0,0,0,0,0,0,0,0,0,0,0,0,1,0,100.0
Daniel James,FW,Wales,25-027,1997,1.7,1,0,0,1,2,0,4,0,1,0,0,0,4,0,1,0.0
Daniel Kyereh,MF,Ghana,26-274,1996,0.4,0,0,0,0,0,0,5,0,2,0,0,0,3,0,1,0.0
Danilo,DF,Brazil,31-145,1991,1.8,0,0,0,1,0,0,6,1,0,0,0,0,11,2,0,100.0
Danilo Pereira,DF,Portugal,31-089,1991,1.0,1,0,0,1,2,0,0,3,2,0,0,0,4,5,1,83.3
Danny Ward,GK,Wales,29-168,1993,1.0,0,0,0,0,0,0,0,0,0,0,0,0,2,0,0,
Darko Lazović,DF,Serbia,32-083,1990,0.3,0,0,0,0,1,0,1,0,0,0,0,0,0,0,0,
Darwin Núñez,FW,Uruguay,23-166,1999,2.7,1,0,0,2,3,0,4,0,2,0,0,0,6,5,10,33.3
David Raum,DF,Germany,24-229,1998,2.7,0,0,0,5,3,1,24,7,3,1,0,0,12,5,3,62.5
David Wotherspoon,MF,Canada,32-325,1990,0.2,0,0,0,0,1,0,1,0,0,0,0,0,3,0,0,
Davy Klaassen,MF,Netherlands,29-289,1993,2.1,0,0,0,1,3,0,2,1,2,0,0,0,14,2,2,50.0
Dayot Upamecano,DF,France,24-041,1998,3.0,0,0,0,3,2,0,0,5,6,0,1,0,21,4,3,57.1
DeAndre Yedlin,DF,United States,29-151,1993,0.4,0,0,0,2,0,0,4,0,1,0,0,0,1,1,0,100.0
Declan Rice,MF,England,23-327,1999,3.6,0,0,0,3,2,0,3,8,3,0,0,0,22,1,2,33.3
Dejan Lovren,DF,Croatia,33-155,1989,4.3,1,0,0,2,1,1,2,5,2,0,0,0,16,11,5,68.8
Denis Odoi,DF,Ghana,34-194,1988,0.1,0,0,0,0,0,0,0,0,0,0,0,0,0,0,4,0.0
Denis Zakaria,MF,Switzerland,26-017,1996,0.7,0,0,0,1,2,0,0,3,0,0,0,0,5,1,2,33.3
Denzel Dumfries,DF,Netherlands,26-233,1996,4.0,0,0,0,11,6,2,8,7,3,0,0,0,14,7,9,43.8
Devis Epassy,GK,Cameroon,29-308,1993,2.0,0,0,0,0,1,0,0,0,0,0,0,0,1,2,0,100.0
Diego Godín,DF,Uruguay,36-294,1986,1.7,0,0,0,0,1,0,0,1,0,0,0,0,6,8,2,80.0
Diogo Costa,GK,Portugal,23-079,1999,4.0,0,0,0,0,0,0,0,0,0,0,0,0,5,0,0,
Diogo Dalot,DF,Portugal,23-264,1999,2.0,0,0,0,1,0,0,5,1,6,0,0,0,9,3,2,60.0
Djibril Sow,MF,Switzerland,25-304,1997,2.9,0,0,0,2,7,0,1,2,1,0,0,0,9,1,2,33.3
Djorkaeff Reasco,FW,Ecuador,23-323,1999,0.3,0,0,0,1,0,0,0,0,0,0,0,0,1,0,0,
Dominik Livaković,GK,Croatia,27-332,1995,4.3,0,0,0,0,0,0,0,0,0,0,0,0,5,1,0,100.0
Dries Mertens,MF,Belgium,35-215,1987,0.8,0,0,0,0,0,0,5,0,0,0,0,0,2,0,0,
Dušan Tadić,MF,Serbia,34-017,1988,2.9,0,0,0,7,4,1,17,1,2,0,0,0,10,0,0,
Dušan Vlahović,FW,Serbia,22-313,2000,0.9,0,0,0,0,2,0,0,0,0,0,0,0,3,2,2,50.0
Dylan Bronn,DF,Tunisia,27-171,1995,1.8,0,0,0,1,1,0,0,0,2,0,0,0,7,2,4,33.3
Eden Hazard,MF,Belgium,31-334,1991,1.4,0,0,0,0,7,0,1,1,0,0,0,0,7,1,1,50.0
Ederson,GK,Brazil,29-112,1993,1.0,0,0,0,0,0,0,0,0,0,0,0,0,2,0,0,
Edimilson Fernandes,FW,Switzerland,26-236,1996,1.6,0,0,0,1,1,1,5,2,1,0,0,0,14,0,1,0.0
Edinson Cavani,FW,Uruguay,35-296,1987,1.4,1,0,0,0,1,1,0,0,0,0,0,0,6,2,1,66.7
Edouard Mendy,GK,Senegal,30-281,1992,4.0,0,0,0,0,0,0,0,0,0,0,0,0,4,3,1,75.0
Edson Álvarez,MF,Mexico,25-044,1997,1.9,1,0,0,4,1,1,0,4,2,0,0,0,10,11,5,68.8
Eduardo Camavinga,DF,France,20-027,2002,1.0,0,0,0,1,5,0,2,3,6,0,0,0,9,2,0,100.0
Ehsan Hajsafi,MF,IR Iran,32-285,1990,2.6,0,0,0,1,3,0,11,2,3,0,0,0,10,2,0,100.0
Ellyes Skhiri,MF,Tunisia,27-211,1995,3.0,0,0,0,3,2,0,2,7,3,0,0,0,18,1,0,100.0
Emiliano Martínez,GK,Argentina,30-096,1992,4.0,0,0,0,0,1,0,0,0,0,0,0,0,3,1,0,100.0
Enner Valencia,FW,Ecuador,33-033,1989,2.8,0,0,0,3,7,2,3,1,0,1,0,0,8,2,8,20.0
Enzo Ebosse,DF,Cameroon,23-271,1999,1.0,0,0,0,0,0,0,0,0,2,0,0,0,1,2,0,100.0
Enzo Fernández,MF,Argentina,21-324,2001,2.6,0,0,0,2,4,0,2,3,5,0,0,1,17,8,2,80.0
Eray Cömert,DF,Switzerland,24-306,1998,0.5,1,0,0,3,1,0,0,2,0,0,0,0,4,0,0,
Eric Dier,DF,England,28-326,1994,0.4,0,0,0,1,0,0,0,0,1,0,0,0,3,1,1,50.0
Eric Maxim Choupo-Moting,FW,Cameroon,33-259,1989,2.8,0,0,0,0,1,1,0,1,2,0,0,0,8,11,6,64.7
Erick Gutiérrez,MF,Mexico,27-175,1995,0.5,1,0,0,2,3,0,0,2,1,0,0,0,3,1,0,100.0
Ethan Ampadu,MF,Wales,22-084,2000,2.8,0,0,0,5,3,0,2,4,3,0,0,0,16,3,5,37.5
Everton Ribeiro,MF,Brazil,33-241,1989,0.4,0,0,0,0,0,0,2,0,0,0,0,0,0,0,0,
Exequiel Palacios,MF,Argentina,24-063,1998,0.4,0,0,0,1,2,0,0,1,0,0,0,0,4,0,1,0.0
Fabian Frei,MF,Switzerland,33-333,1989,0.3,0,0,0,1,0,0,0,1,1,0,0,0,2,0,1,0.0
Fabian Rieder,FW,Switzerland,20-294,2002,0.8,1,0,0,4,2,0,1,0,2,0,0,0,4,0,1,0.0
Fabian Schär,DF,Switzerland,30-352,1991,1.5,2,0,0,1,2,0,0,2,1,0,0,0,7,4,4,50.0
Fabinho,MF,Brazil,29-045,1993,1.0,0,0,0,2,0,0,0,1,2,0,0,0,9,1,6,14.3
Facundo Pellistri,MF,Uruguay,20-352,2001,2.0,0,0,0,2,2,0,3,0,1,0,0,0,9,0,6,0.0
Famara Diedhiou,FW,Senegal,29-357,1992,1.0,0,0,0,2,2,1,0,0,0,0,0,0,3,5,4,55.6
Federico Valverde,MF,Uruguay,24-138,1998,3.0,0,0,0,6,2,0,7,5,4,0,0,0,19,1,3,25.0
Ferjani Sassi,MF,Tunisia,30-264,1992,0.5,1,0,0,1,1,0,0,1,0,0,0,0,5,2,0,100.0
Ferrán Torres,FW,Spain,22-281,2000,2.4,0,0,0,1,5,2,9,0,0,0,0,0,8,0,3,0.0
Filip Kostić,DF,Serbia,30-036,1992,2.0,0,0,0,3,1,2,16,0,3,0,0,0,12,0,0,
Filip Mladenović,DF,Serbia,31-114,1991,0.7,0,0,0,0,0,0,1,0,0,0,0,0,4,1,0,100.0
Filip Đuričić,MF,Serbia,30-311,1992,0.2,0,0,0,0,1,0,0,0,0,0,0,0,0,2,1,66.7
Firas Al-Buraikan,MF,Saudi Arabia,22-207,2000,3.0,0,0,0,2,3,1,2,2,3,0,0,0,7,5,7,41.7
Fodé Ballo-Touré,DF,Senegal,25-338,1997,0.1,0,0,0,0,0,0,2,0,0,0,0,0,0,1,0,100.0
Fran Karačić,DF,Australia,26-209,1996,1.0,0,0,0,3,0,0,5,2,1,0,0,0,9,4,4,50.0
Francisco Calvo,DF,Costa Rica,30-152,1992,2.0,2,0,0,6,0,1,0,2,4,0,0,0,12,2,1,66.7
Fred,MF,Brazil,29-277,1993,1.4,1,0,0,2,0,0,0,0,2,0,0,0,6,0,2,0.0
Frenkie de Jong,MF,Netherlands,25-209,1997,3.9,1,0,0,2,3,0,2,5,5,0,0,0,26,6,1,85.7
Félix Torres Caicedo,DF,Ecuador,25-330,1997,3.0,0,0,0,1,0,0,0,4,2,0,0,0,17,9,4,69.2
Gabriel Jesus,FW,Brazil,25-248,1997,1.0,0,0,0,1,4,0,1,2,1,0,0,0,2,1,1,50.0
Garang Kuol,FW,Australia,18-083,2004,0.4,0,0,0,1,0,0,0,1,0,0,0,0,0,1,2,33.3
Gareth Bale,FW,Wales,33-144,1989,2.5,1,0,0,2,5,2,2,1,1,1,0,0,9,4,7,36.4
Gavi,MF,Spain,18-124,2004,3.2,0,0,0,9,14,0,4,1,4,0,0,0,7,2,5,28.6
Gaël Ondoua,MF,Cameroon,27-033,1995,0.5,0,0,0,2,1,0,0,2,1,0,0,0,2,1,2,33.3
Georges-Kévin N'Koudou,FW,Cameroon,27-297,1995,0.3,0,0,0,1,1,0,2,0,0,0,0,0,3,0,1,0.0
Germán Pezzella,DF,Argentina,31-163,1991,0.1,0,0,0,0,0,0,0,0,0,0,0,0,1,0,1,0.0
Gerson Torres,MF,Costa Rica,25-101,1997,0.7,0,0,0,1,8,0,0,0,0,0,0,0,4,0,0,
Ghaylène Chaalali,MF,Tunisia,28-282,1994,0.2,0,0,0,1,0,0,0,2,0,0,0,0,2,1,0,100.0
Gideon Mensah,DF,Ghana,24-142,1998,1.0,0,0,0,0,0,0,1,2,1,0,0,0,4,4,2,66.7
Gio Reyna,FW,United States,20-024,2002,0.6,0,0,0,0,2,0,2,0,0,0,0,0,1,2,0,100.0
Giorgian De Arrascaeta,MF,Uruguay,28-189,1994,1.2,0,0,0,0,0,0,6,2,1,0,0,0,7,0,4,0.0
Gleison Bremer,DF,Brazil,25-264,1997,1.2,0,0,0,2,0,0,0,1,1,0,0,0,9,5,0,100.0
Gonzalo Montiel,DF,Argentina,25-340,1997,0.8,1,0,0,2,1,1,1,1,1,0,0,0,2,1,1,50.0
Gonzalo Plata,MF,Ecuador,22-036,2000,3.0,0,0,0,4,6,0,17,2,2,0,0,0,10,5,6,45.5
Gonçalo Ramos,FW,Portugal,21-170,2001,0.9,0,0,0,1,2,2,0,0,0,0,0,0,2,4,5,44.4
Granit Xhaka,MF,Switzerland,30-071,1992,4.0,1,0,0,5,4,0,0,2,4,0,0,0,21,7,5,58.3
Gregor Kobel,GK,Switzerland,25-001,1997,1.0,0,0,0,0,0,0,0,0,0,0,0,0,2,0,0,
Grzegorz Krychowiak,MF,Poland,32-312,1990,3.7,1,0,0,6,7,0,1,5,4,0,0,0,23,4,3,57.1
Guido Rodríguez,MF,Argentina,28-239,1994,0.6,0,0,0,0,0,0,0,0,0,0,0,0,2,1,0,100.0
Guillermo Ochoa,GK,Mexico,37-147,1985,3.0,0,0,0,0,1,0,0,0,0,0,0,0,7,0,0,
Guillermo Varela,DF,Uruguay,29-258,1993,2.0,0,0,0,3,8,0,7,3,2,0,0,0,8,1,2,33.3
Haji Wright,FW,United States,24-255,1998,1.5,0,0,0,1,3,1,1,0,0,0,0,0,4,6,7,46.2
Hakim Ziyech,FW,Morocco,29-263,1993,4.2,0,0,0,11,5,2,13,5,5,0,0,0,18,2,4,33.3
Hannibal Mejbri,MF,Tunisia,19-320,2003,0.1,0,0,0,0,0,0,0,1,0,0,0,0,1,0,0,
Haris Seferović,FW,Switzerland,30-288,1992,0.8,0,0,0,1,0,0,0,0,0,0,0,0,1,0,1,0.0
Harry Kane,FW,England,29-132,1993,3.5,0,0,0,1,8,0,5,0,1,0,0,0,12,4,12,25.0
Harry Maguire,DF,England,29-277,1993,3.8,0,0,0,5,1,0,1,3,3,0,0,0,14,10,3,76.9
Harry Souttar,DF,Australia,24-046,1998,4.0,0,0,0,1,1,0,0,6,0,0,0,0,17,14,7,66.7
Harry Wilson,MF,Wales,25-260,1997,1.8,0,0,0,1,2,0,9,1,2,0,0,0,10,1,2,33.3
Hassan Al Tambakti,DF,Saudi Arabia,23-301,1999,2.0,1,0,0,2,5,0,0,3,2,0,0,0,9,1,1,50.0
Hassan Al-Haydos,MF,Qatar,31-361,1990,2.3,0,0,0,4,0,1,4,2,1,0,0,0,12,0,2,0.0
Hattan Bahebri,MF,Saudi Arabia,30-144,1992,0.0,1,0,0,2,0,0,0,0,0,0,0,0,1,1,0,100.0
Henry Martín,FW,Mexico,30-019,1992,1.6,0,0,0,3,3,2,0,2,1,0,0,0,4,3,2,60.0
Hernán Galíndez,GK,Ecuador,35-252,1987,3.0,0,0,0,0,0,0,0,0,0,0,0,0,3,2,0,100.0
Hidemasa Morita,MF,Japan,27-211,1995,3.2,0,0,0,4,1,0,3,3,0,0,0,0,21,5,7,41.7
Hiroki Ito,DF,Japan,23-209,1999,0.5,0,0,0,3,0,0,0,0,0,0,0,0,2,1,0,100.0
Hiroki Sakai,MF,Japan,32-239,1990,1.3,0,0,0,3,1,0,2,1,4,0,0,0,6,3,8,27.3
Hirving Lozano,FW,Mexico,27-130,1995,2.8,0,0,0,7,11,2,24,0,2,0,0,0,14,1,10,9.1
Homam Ahmed,DF,Qatar,23-104,1999,2.9,1,0,0,5,8,0,5,2,2,0,0,0,14,5,2,71.4
Hong Chul,DF,Korea Republic,32-081,1990,0.5,0,0,0,0,0,0,2,1,0,0,0,0,2,1,0,100.0
Hossein Hosseini,GK,IR Iran,30-160,1992,1.8,0,0,0,0,0,0,0,0,0,0,0,0,0,1,1,50.0
Hossein Kanaanizadegan,DF,IR Iran,28-259,1994,0.5,1,0,0,0,1,0,0,1,0,0,0,0,1,0,0,
Hugo Lloris,GK,France,35-346,1986,3.0,0,0,0,0,0,0,0,0,0,0,0,0,3,1,0,100.0
Hwang Hee-chan,MF,Korea Republic,26-315,1996,1.3,1,0,0,3,3,0,3,0,1,0,0,0,7,0,1,0.0
Hwang In-beom,MF,Korea Republic,26-078,1996,3.7,0,0,0,7,3,0,6,3,3,0,0,0,22,2,5,28.6
Hwang Ui-jo,FW,Korea Republic,30-101,1992,1.2,0,0,0,0,0,0,0,0,0,0,0,0,3,1,12,7.7
Héctor Herrera,MF,Mexico,32-232,1990,1.8,1,0,0,4,1,0,4,3,3,0,0,0,7,6,2,75.0
Héctor Moreno,DF,Mexico,34-324,1988,3.0,1,0,0,3,3,0,0,1,1,0,1,0,14,5,8,38.5
Ibrahima Konaté,DF,France,23-196,1999,2.2,0,0,0,0,4,0,0,2,6,0,0,0,11,4,0,100.0
Idrissa Gana Gueye,MF,Senegal,33-072,1989,3.0,2,0,0,4,1,0,15,5,1,0,0,0,15,2,3,40.0
Iliman Ndiaye,FW,Senegal,22-276,2000,1.5,0,0,0,0,1,0,2,1,0,0,0,0,4,0,3,0.0
Ismail Jakobs,DF,Senegal,23-112,1999,3.1,1,0,0,3,6,0,18,4,0,0,0,0,9,8,3,72.7
Ismail Mohamad,FW,Qatar,32-246,1990,1.9,1,0,0,1,6,1,8,2,2,,,0,,,,
Ismaila Sarr,FW,Senegal,24-285,1998,3.8,0,0,0,3,17,3,8,2,2,1,0,0,17,8,8,50.0
Ismaël Koné,MF,Canada,20-184,2002,1.2,0,0,0,0,1,0,1,0,0,0,0,0,3,0,0,
Issam Jebali,FW,Tunisia,30-347,1991,2.0,0,0,0,10,2,1,2,0,3,0,0,0,8,2,15,11.8
Ivan Ilić,MF,Serbia,21-265,2001,0.4,0,0,0,0,0,0,0,1,0,0,0,0,3,1,0,100.0
Ivan Perišić,FW,Croatia,33-308,1989,4.1,0,0,0,7,0,2,12,4,1,0,0,0,17,9,9,50.0
Iñaki Williams,FW,Ghana,28-175,1994,3.0,0,0,0,4,3,1,1,0,2,0,0,0,9,1,3,25.0
Jack Grealish,FW,England,27-088,1995,0.9,0,0,0,0,10,0,0,3,1,0,0,0,6,0,1,0.0
Jackson Irvine,MF,Australia,29-275,1993,3.9,2,0,0,7,2,0,2,3,2,0,0,0,11,9,7,56.3
Jackson Porozo,DF,Ecuador,22-125,2000,1.1,0,0,0,1,2,1,0,3,2,0,0,0,2,1,0,100.0
Jakub Kamiński,MF,Poland,20-185,2002,2.6,0,0,0,5,2,0,4,0,1,0,0,0,17,0,5,0.0
Jakub Kiwior,DF,Poland,22-295,2000,3.9,1,0,0,1,0,0,0,4,1,0,0,0,11,3,4,42.9
Jamal Musiala,MF,Germany,19-284,2003,2.9,0,0,0,1,6,1,1,1,1,0,0,0,19,1,2,33.3
Jamie Maclaren,FW,Australia,29-131,1993,0.6,0,0,0,1,0,0,2,1,0,0,0,0,1,1,4,20.0
Jan Bednarek,DF,Poland,26-239,1996,0.1,0,0,0,0,0,0,0,0,0,0,0,0,1,0,0,
Jan Vertonghen,DF,Belgium,35-227,1987,3.0,0,0,0,0,6,0,0,5,0,0,0,0,15,11,5,68.8
Jason Cummings,FW,Australia,27-128,1995,0.4,0,0,0,0,0,0,0,0,0,0,0,0,1,0,1,0.0
Jawad El Yamiq,DF,Morocco,30-281,1992,0.7,0,0,0,0,2,0,0,0,0,0,0,0,2,2,0,100.0
Jean-Charles Castelletto,DF,Cameroon,27-315,1995,2.0,0,0,0,1,1,0,3,6,3,0,0,0,9,3,1,75.0
Jeong Woo-yeong,MF,Korea Republic,23-078,1999,0.5,0,0,0,1,0,0,1,0,0,0,0,0,1,0,0,
Jeremy Doku,MF,Belgium,20-194,2002,0.2,0,0,0,0,1,0,3,0,0,0,0,0,0,0,1,0.0
Jeremy Sarmiento,MF,Ecuador,20-174,2002,0.9,0,0,0,2,2,1,5,1,1,0,0,0,6,2,1,66.7
Jerome Ngom Mbekeli,MF,Cameroon,24-068,1998,0.1,0,0,0,0,0,0,2,0,0,0,0,0,0,1,0,100.0
Jesper Lindstrøm,MF,Denmark,22-281,2000,2.2,0,0,0,4,2,0,3,1,1,0,0,0,8,1,1,50.0
Jesús Ferreira,FW,United States,21-348,2000,0.5,0,0,0,0,1,0,0,0,0,0,0,0,1,0,0,
Jesús Gallardo,DF,Mexico,28-114,1994,3.0,0,0,0,4,1,0,9,1,5,0,0,0,14,1,0,100.0
Jewison Bennette,MF,Costa Rica,18-175,2004,1.1,0,0,0,0,2,2,2,0,0,0,0,0,4,0,2,0.0
Jhegson Méndez,MF,Ecuador,25-225,1997,2.0,2,0,0,3,2,0,2,1,2,0,0,0,16,2,2,50.0
Joachim Andersen,DF,Denmark,26-190,1996,3.0,0,0,0,3,4,0,1,0,2,0,0,0,15,10,8,55.6
Joakim Mæhle,DF,Denmark,25-201,1997,2.8,0,0,0,1,4,0,4,2,5,0,0,0,10,1,9,10.0
Joe Allen,MF,Wales,32-268,1990,1.0,0,0,0,0,2,0,0,1,1,0,0,0,9,0,1,0.0
Joe Morrell,MF,Wales,25-338,1997,0.4,0,0,0,1,1,0,0,1,2,0,0,0,4,0,1,0.0
Joe Rodon,DF,Wales,25-046,1997,3.0,1,0,0,3,0,0,0,4,2,0,0,0,10,5,6,45.5
Joel Campbell,FW,Costa Rica,30-164,1992,3.0,1,0,0,3,11,3,7,0,5,0,0,0,14,5,6,45.5
Johan Venegas,FW,Costa Rica,34-010,1988,0.8,0,0,0,1,1,2,1,0,0,0,0,0,1,0,2,0.0
John Stones,DF,England,28-193,1994,3.8,0,0,0,4,2,0,0,1,1,0,1,0,14,5,3,62.5
Jonas Hofmann,FW,Germany,30-146,1992,0.3,0,0,0,0,0,0,0,0,0,0,0,0,0,0,1,0.0
Jonathan David,FW,Canada,22-327,2000,2.1,0,0,0,0,1,0,0,0,1,0,0,0,5,1,2,33.3
Jonathan Osorio,MF,Canada,30-178,1992,1.3,1,0,0,1,2,0,0,1,1,0,0,0,5,0,1,0.0
Jordan Ayew,FW,Ghana,31-087,1991,1.5,0,0,0,2,5,0,8,1,3,0,0,0,8,0,5,0.0
Jordan Henderson,MF,England,32-173,1990,2.1,0,0,0,2,4,0,7,0,2,0,0,0,10,2,1,66.7
Jordan Morris,FW,United States,28-042,1994,0.0,0,0,0,0,0,0,2,0,0,0,0,0,0,0,1,0.0
Jordan Pickford,GK,England,28-275,1994,4.0,0,0,0,0,0,0,0,0,0,0,0,0,4,0,0,
Jordan Veretout,MF,France,29-281,1993,0.7,0,0,0,2,0,0,0,0,0,0,0,0,1,0,2,0.0
Jordi Alba,DF,Spain,33-261,1989,2.9,0,0,0,4,3,1,14,3,4,1,0,0,20,0,2,0.0
Jorge Eduardo Sánchez,DF,Mexico,24-362,1997,1.9,1,0,0,5,1,2,2,3,0,0,0,0,6,3,2,60.0
Josh Sargent,FW,United States,22-290,2000,1.7,0,0,0,2,0,0,1,1,0,0,0,0,1,3,6,33.3
Joshua Kimmich,MF,Germany,27-302,1995,3.0,1,0,0,2,2,0,21,3,2,0,0,0,19,4,1,80.0
Josip Juranović,DF,Croatia,27-113,1995,4.3,0,0,0,0,5,0,16,2,3,0,0,0,29,2,3,40.0
José Cifuentes,MF,Ecuador,23-270,1999,0.7,0,0,0,3,0,0,2,0,2,0,0,0,3,0,0,
José María Giménez,DF,Uruguay,27-321,1995,3.0,1,0,0,4,3,1,2,7,1,0,1,0,13,8,3,72.7
João Cancelo,DF,Portugal,28-194,1994,3.0,0,0,0,2,4,1,10,2,3,0,0,0,21,9,0,100.0
João Félix,FW,Portugal,23-027,1999,2.7,1,0,0,7,7,0,3,1,2,0,0,0,6,1,1,50.0
João Mário,FW,Portugal,29-322,1993,0.9,0,0,0,0,0,0,2,0,1,0,0,0,5,0,2,0.0
João Palhinha,MF,Portugal,27-151,1995,0.4,0,0,0,2,0,0,0,1,1,0,0,0,5,0,3,0.0
Joško Gvardiol,DF,Croatia,20-318,2002,4.3,0,0,0,4,4,0,1,7,3,0,0,0,30,2,3,40.0
Juan Pablo Vargas,DF,Costa Rica,27-184,1995,1.0,0,0,0,0,0,0,0,2,3,0,0,0,5,1,0,100.0
Jude Bellingham,MF,England,19-161,2003,3.6,0,0,0,3,5,0,3,4,11,0,0,0,23,4,5,44.4
Jules Koundé,DF,France,24-025,1998,2.0,1,0,0,1,0,0,1,2,3,0,0,0,11,2,3,40.0
Julián Álvarez,FW,Argentina,22-310,2000,2.3,0,0,0,3,1,2,3,0,1,0,0,0,10,2,4,33.3
Jung Woo-young,MF,Korea Republic,32-358,1989,3.4,2,0,0,11,0,0,1,3,4,0,1,0,24,6,2,75.0
Junior Hoilett,FW,Canada,32-185,1990,1.8,1,0,0,1,5,1,13,1,4,0,0,0,8,0,0,
Junya Ito,MF,Japan,29-273,1993,3.6,0,0,0,0,5,1,14,5,4,0,0,0,17,3,6,33.3
Jurriën Timber,DF,Netherlands,21-173,2001,3.0,0,0,0,12,4,0,0,7,5,0,0,0,22,3,2,60.0
Kai Havertz,FW,Germany,23-179,1999,1.1,0,0,0,3,0,3,2,1,1,0,0,0,3,0,2,0.0
Kalidou Koulibaly,DF,Senegal,31-170,1991,4.0,1,0,0,3,3,0,0,2,9,0,0,0,28,11,5,68.8
Kalvin Phillips,MF,England,27-005,1995,0.5,0,0,0,1,0,0,0,0,0,0,0,0,1,0,2,0.0
Kamal Miller,DF,Canada,25-205,1997,3.0,1,0,0,0,3,0,0,4,4,0,0,0,14,7,5,58.3
Kamaldeen Sulemana,FW,Ghana,20-295,2002,0.6,1,0,0,2,2,0,4,0,0,0,0,0,0,2,1,66.7
Kamil Glik,DF,Poland,34-307,1988,4.0,0,0,0,2,0,0,0,3,1,0,0,0,11,4,3,57.1
Kamil Grosicki,MF,Poland,34-182,1988,0.0,0,0,0,0,0,0,3,0,0,0,0,0,0,0,0,
Kaoru Mitoma,MF,Japan,25-201,1997,1.8,0,0,0,3,1,0,0,2,2,0,0,0,17,2,3,40.0
Karim Ansarifard,FW,IR Iran,32-248,1990,0.4,0,0,0,0,0,1,0,1,0,0,0,0,0,0,1,0.0
Karim Boudiaf,MF,Qatar,32-082,1990,2.1,1,0,0,2,1,0,0,0,1,0,0,0,12,6,7,46.2
Karl Toko Ekambi,FW,Cameroon,30-084,1992,1.8,0,0,0,0,3,0,3,2,1,0,0,0,8,1,4,20.0
Karol Świderski,FW,Poland,25-318,1997,0.5,0,0,0,0,1,0,0,2,1,0,0,0,3,1,1,50.0
Kasper Dolberg,FW,Denmark,25-062,1997,1.3,0,0,0,2,2,1,1,0,1,0,0,0,3,0,1,0.0
Kasper Schmeichel,GK,Denmark,36-032,1986,3.0,0,0,0,0,0,0,0,0,0,0,0,0,5,2,0,100.0
Keanu Baccus,MF,Australia,24-183,1998,1.3,0,0,0,4,1,0,0,2,1,0,0,0,11,1,3,25.0
Kellyn Acosta,MF,United States,27-136,1995,0.5,1,0,0,1,0,0,0,0,2,0,0,0,2,1,0,100.0
Kendall Waston,DF,Costa Rica,34-340,1988,2.5,0,0,0,1,0,0,0,5,4,0,0,0,10,4,3,57.1
Kenneth Taylor,MF,Netherlands,20-205,2002,0.1,0,0,0,0,0,0,0,0,0,0,0,0,0,0,0,
Kevin De Bruyne,FW,Belgium,31-162,1991,3.0,0,0,0,0,2,0,18,0,1,0,0,0,11,4,0,100.0
Kevin Rodríguez,FW,Ecuador,22-278,2000,0.0,0,0,0,1,0,0,0,0,0,,,0,,,,
Kevin Álvarez,DF,Mexico,23-326,1999,0.8,0,0,0,0,1,0,1,1,0,0,0,0,4,0,2,0.0
Keylor Navas,GK,Costa Rica,35-357,1986,3.0,0,0,0,0,0,0,0,1,0,0,0,0,0,0,0,
Keysher Fuller,DF,Costa Rica,28-149,1994,2.8,0,0,0,2,4,2,2,3,4,0,0,0,11,0,1,0.0
Kieffer Moore,FW,Wales,30-121,1992,2.5,0,0,0,5,4,1,0,2,0,0,0,0,7,11,6,64.7
Kieran Trippier,DF,England,32-079,1990,2.3,0,0,0,1,0,0,10,1,4,0,0,0,11,4,1,80.0
Kim Jin-su,DF,Korea Republic,30-177,1992,3.5,0,0,0,1,6,1,16,3,5,0,0,0,12,10,4,71.4
Kim Min-jae,DF,Korea Republic,26-022,1996,3.0,0,0,0,0,0,0,1,2,1,0,0,0,14,10,1,90.9
Kim Moonhwan,DF,Korea Republic,27-128,1995,4.0,0,0,0,1,0,0,15,4,4,0,0,0,16,6,3,66.7
Kim Seung-gyu,GK,Korea Republic,32-068,1990,4.0,0,0,0,0,0,0,0,2,0,0,0,0,5,0,2,0.0
Kim Young-gwon,DF,Korea Republic,32-283,1990,3.9,1,0,0,1,2,0,1,3,2,0,0,0,13,6,2,75.0
Kingsley Coman,FW,France,26-177,1996,1.2,0,0,0,0,1,0,6,2,0,0,0,0,4,1,3,25.0
Ko Itakura,DF,Japan,25-314,1997,3.0,2,0,0,5,0,0,0,4,5,0,0,0,13,0,2,0.0
Koke,MF,Spain,30-333,1992,0.6,0,0,0,0,0,0,0,0,1,0,0,0,2,0,0,
Krystian Bielik,MF,Poland,24-337,1998,2.4,0,0,0,5,4,0,0,5,3,0,1,0,10,6,4,60.0
Krzysztof Piątek,FW,Poland,27-159,1995,0.3,0,0,0,0,1,0,0,0,0,0,0,0,1,2,6,25.0
Krépin Diatta,FW,Senegal,23-285,1999,2.0,0,0,0,4,2,2,4,0,0,0,0,0,11,2,1,66.7
Kudus Mohammed,FW,Ghana,22-127,2000,2.7,1,0,0,3,5,1,6,1,4,1,0,0,22,0,4,0.0
Kwon Chang-hoon,FW,Korea Republic,28-160,1994,0.6,0,0,0,0,0,0,3,0,0,0,0,0,3,0,2,0.0
Kwon Kyung-won,DF,Korea Republic,30-310,1992,1.0,0,0,0,0,3,0,0,2,0,0,0,0,2,2,2,50.0
Kye Rowles,DF,Australia,24-166,1998,4.0,0,0,0,1,2,0,0,7,2,0,0,0,12,4,2,66.7
Kyle Walker,DF,England,32-193,1990,1.6,0,0,0,3,1,0,2,2,0,0,0,0,4,4,2,66.7
Kylian Mbappé,FW,France,23-352,1998,3.3,0,0,0,2,5,1,21,0,0,0,0,0,6,1,2,33.3
Lautaro Martínez,FW,Argentina,25-107,1997,2.0,0,0,0,1,3,4,0,1,0,0,0,0,9,5,4,55.6
Lawrence Ati-Zigi,GK,Ghana,26-008,1996,3.0,0,0,0,0,0,0,0,0,0,0,0,0,3,0,0,
Leander Dendoncker,DF,Belgium,27-236,1995,1.8,1,0,0,3,0,0,0,0,3,0,0,0,6,2,1,66.7
Leandro Paredes,MF,Argentina,28-161,1994,1.0,0,0,0,2,2,0,0,2,1,1,0,0,7,3,0,100.0
Leandro Trossard,FW,Belgium,28-003,1994,1.1,0,0,0,0,2,0,2,0,1,0,0,0,7,0,0,
Lee Jae-sung,MF,Korea Republic,30-119,1992,2.3,0,0,0,2,1,0,1,3,2,0,0,0,7,3,4,42.9
Lee Kangin,MF,Korea Republic,21-291,2001,1.6,1,0,0,2,4,0,12,0,3,0,0,0,6,0,1,0.0
Leon Goretzka,MF,Germany,27-304,1995,1.8,1,0,0,4,3,0,1,1,3,0,0,0,12,3,2,60.0
Leroy Sané,FW,Germany,26-330,1996,1.2,0,0,0,0,0,0,2,0,1,0,0,0,6,1,1,50.0
Liam Millar,DF,Canada,23-071,1999,0.1,0,0,0,1,0,0,2,0,0,0,0,0,0,0,0,
Lionel Messi,FW,Argentina,35-166,1987,4.0,0,0,0,4,11,2,10,0,2,1,0,0,9,1,3,25.0
Lisandro Martínez,DF,Argentina,24-323,1998,1.8,0,0,0,2,1,0,1,1,0,0,0,0,3,3,2,60.0
Lovro Majer,MF,Croatia,24-324,1998,0.4,0,0,0,1,1,0,1,0,0,0,0,0,6,0,0,
Loïs Openda,FW,Belgium,22-294,2000,0.1,0,0,0,0,1,0,1,0,0,0,0,0,1,0,1,0.0
Lucas Cavallini,FW,Canada,29-344,1992,0.2,0,0,0,1,0,0,1,0,0,0,0,0,0,0,1,0.0
Lucas Hernández,DF,France,26-296,1996,0.1,0,0,0,0,0,0,1,0,1,0,0,0,1,0,0,
Lucas Paquetá,MF,Brazil,25-102,1997,2.3,0,0,0,1,1,0,3,0,4,0,0,0,10,3,1,75.0
Luis Chávez,MF,Mexico,26-326,1996,3.0,0,0,0,3,8,0,19,1,0,0,0,0,15,5,5,50.0
Luis Suárez,FW,Uruguay,35-317,1987,1.6,1,0,0,0,6,1,0,0,0,0,0,0,3,2,4,33.3
Luka Jović,FW,Serbia,24-349,1997,0.4,1,0,0,1,0,0,0,1,0,0,0,0,0,1,3,25.0
Luka Modrić,MF,Croatia,37-089,1985,4.0,1,0,0,9,6,1,22,7,5,0,0,0,32,1,3,25.0
Lukas Klostermann,DF,Germany,26-187,1996,0.7,0,0,0,1,0,0,0,0,1,0,0,0,6,0,0,
Luke Shaw,DF,England,27-148,1995,3.7,0,0,0,5,4,0,16,4,1,0,0,0,18,2,5,28.6
Majid Hosseini,DF,IR Iran,26-170,1996,3.0,1,0,0,4,1,1,0,6,4,0,0,0,22,6,4,60.0
Manuel Akanji,DF,Switzerland,27-141,1995,4.0,1,0,0,4,1,0,1,3,2,0,0,0,18,9,2,81.8
Manuel Neuer,GK,Germany,36-255,1986,3.0,0,0,0,0,0,0,0,0,0,0,0,0,4,0,0,
Marcelo Brozović,MF,Croatia,30-021,1992,4.3,0,0,0,7,5,0,2,0,3,0,0,0,27,5,4,55.6
Marco Asensio,FW,Spain,26-320,1996,2.5,0,0,0,3,3,0,8,0,1,0,0,0,3,0,2,0.0
Marcos Acuña,DF,Argentina,31-040,1991,2.7,1,0,0,6,5,0,11,1,3,0,0,0,9,3,4,42.9
Marcos Llorente,DF,Spain,27-311,1995,1.3,0,0,0,0,0,0,2,0,0,0,0,0,9,0,1,0.0
Marcus Rashford,FW,England,25-037,1997,1.5,0,0,0,1,0,1,1,1,0,0,0,0,8,1,3,25.0
Marcus Thuram,FW,France,25-123,1997,0.5,0,0,0,0,2,0,0,0,0,0,0,0,3,1,5,16.7
Mario Götze,MF,Germany,30-187,1992,0.4,0,0,0,0,1,0,2,0,0,0,0,0,0,0,0,
Mario Pašalić,FW,Croatia,27-301,1995,1.4,0,0,0,1,1,1,0,1,2,0,0,0,11,4,6,40.0
Mark-Anthony Kaye,MF,Canada,28-005,1994,0.7,0,0,0,1,1,0,0,0,1,0,0,0,4,0,1,0.0
Marko Grujić,MF,Serbia,26-238,1996,0.1,0,0,0,0,0,0,0,0,1,0,0,0,2,1,0,100.0
Marko Livaja,FW,Croatia,29-103,1993,1.7,0,0,0,4,2,1,1,0,1,0,0,0,5,3,4,42.9
Marquinhos,DF,Brazil,28-207,1994,3.4,0,0,0,0,0,0,1,1,4,0,0,0,23,3,2,60.0
Marten de Roon,MF,Netherlands,31-253,1991,1.5,0,0,0,1,0,0,0,2,4,0,0,0,7,3,1,75.0
Martin Braithwaite,FW,Denmark,31-185,1991,1.1,0,0,0,0,0,2,0,0,0,0,0,0,1,1,3,25.0
Martin Hongla,MF,Cameroon,24-266,1998,1.3,0,0,0,1,1,1,1,2,0,0,0,0,3,1,0,100.0
Martinelli,FW,Brazil,21-172,2001,1.3,0,0,0,2,3,1,5,0,1,0,0,0,5,0,2,0.0
Martín Cáceres,DF,Uruguay,35-244,1987,1.0,1,0,0,1,0,0,0,0,0,0,0,0,3,1,0,100.0
Mason Mount,MF,England,23-331,1999,1.9,0,0,0,6,7,0,3,0,2,0,0,0,7,0,1,0.0
Mateo Kovačić,MF,Croatia,28-215,1994,3.9,1,0,0,1,6,0,3,3,9,0,0,0,24,4,1,80.0
Matheus Nunes,MF,Portugal,24-102,1998,0.8,0,0,0,2,2,0,3,0,0,0,0,0,0,0,0,
Mathew Leckie,MF,Australia,31-306,1991,3.7,0,0,0,8,6,0,4,1,4,0,0,0,15,14,10,58.3
Mathew Ryan,GK,Australia,30-243,1992,4.0,0,0,0,0,1,0,0,0,0,0,0,0,4,0,0,
Mathias Jensen,MF,Denmark,26-340,1996,0.9,1,0,0,2,1,0,2,0,0,0,0,0,5,1,0,100.0
Mathías Olivera,DF,Uruguay,25-037,1997,2.8,1,0,0,2,3,0,6,2,5,0,0,0,15,6,4,60.0
Matt Turner,GK,United States,28-166,1994,4.0,0,0,0,0,4,0,0,0,0,0,0,0,7,0,0,
Matthias Ginter,DF,Germany,28-322,1994,0.0,0,0,0,1,0,0,0,0,0,0,0,0,0,0,1,0.0
Matthijs de Ligt,DF,Netherlands,23-117,1999,1.0,1,0,0,4,1,0,0,0,0,0,0,0,3,5,2,71.4
Matty Cash,DF,Poland,25-122,1997,4.0,2,0,0,7,3,0,9,0,3,0,0,0,10,2,1,66.7
Mattéo Guendouzi,FW,France,23-237,1999,0.9,0,0,0,0,1,0,0,0,1,0,0,0,4,1,0,100.0
Matías Vecino,MF,Uruguay,31-105,1991,2.2,0,0,0,4,0,0,1,4,3,0,0,0,18,3,3,50.0
Matías Viña,DF,Uruguay,25-028,1997,0.2,0,0,0,1,0,0,2,0,3,0,0,0,1,0,0,
Maxi Gómez,FW,Uruguay,26-115,1996,0.3,0,0,0,1,1,0,0,0,0,0,0,0,0,2,0,100.0
Maya Yoshida,DF,Japan,34-105,1988,4.3,1,0,0,3,4,0,0,3,4,0,0,0,30,10,7,58.8
Mehdi Taremi,FW,IR Iran,30-142,1992,3.0,0,0,0,5,4,1,0,2,3,0,0,0,13,5,7,41.7
Mehdi Torabi,MF,IR Iran,28-088,1994,0.7,0,0,0,0,0,0,1,2,0,0,0,0,6,0,1,0.0
Memphis,FW,Netherlands,28-297,1994,2.4,0,0,0,1,3,1,1,0,1,0,0,0,8,1,5,16.7
Meshaal Barsham,GK,Qatar,24-296,1998,2.0,0,0,0,0,0,0,0,0,0,0,0,0,1,0,1,0.0
Michael Estrada,FW,Ecuador,26-244,1996,2.5,0,0,0,6,7,2,0,0,0,0,0,0,5,13,14,48.1
Michał Skóraś,MF,Poland,22-295,2000,0.5,0,0,0,1,2,0,0,1,0,0,0,0,1,1,0,100.0
Michel Aebischer,MF,Switzerland,25-335,1997,0.2,0,0,0,0,0,0,0,0,0,0,0,0,0,1,0,100.0
Michy Batshuayi,FW,Belgium,29-066,1993,1.7,0,0,0,5,1,2,0,0,0,0,0,0,4,1,2,33.3
Miki Yamane,DF,Japan,28-350,1993,0.7,1,0,0,2,1,0,2,2,0,0,0,0,5,0,1,0.0
Mikkel Damsgaard,MF,Denmark,22-157,2000,1.7,0,0,0,2,1,1,3,2,2,0,0,0,10,0,1,0.0
Milad Mohammadi,DF,IR Iran,29-069,1993,2.2,0,0,0,2,1,0,2,1,3,0,0,0,11,3,3,50.0
Milan Borjan,GK,Canada,35-045,1987,3.0,0,0,0,0,0,0,0,0,0,0,0,0,3,0,0,
Miloš Degenek,DF,Australia,28-223,1994,2.0,2,0,0,2,8,0,1,1,4,0,0,0,15,6,1,85.7
Miloš Veljković,DF,Serbia,27-072,1995,2.5,0,0,0,1,0,0,0,0,1,0,0,0,12,2,1,66.7
Mislav Oršić,FW,Croatia,29-343,1992,0.2,0,0,0,0,0,0,1,0,0,0,0,0,0,0,0,
Mitchell Duke,FW,Australia,31-323,1991,3.0,1,0,0,6,3,1,1,2,0,0,0,0,11,11,12,47.8
Mohamed Ali Ben Romdhane,MF,Tunisia,23-092,1999,0.8,0,0,0,1,1,0,1,0,4,0,0,0,10,1,0,100.0
Mohamed Dräger,DF,Tunisia,26-165,1996,1.5,0,0,0,2,1,0,3,1,3,0,0,0,2,1,1,50.0
Mohamed Kanno,MF,Saudi Arabia,28-076,1994,3.0,0,0,0,8,3,1,0,2,2,0,0,0,19,8,9,47.1
Mohammed Al-Breik,DF,Saudi Arabia,30-083,1992,0.7,0,0,0,0,1,0,2,1,0,0,0,0,3,1,4,20.0
Mohammed Al-Owais,GK,Saudi Arabia,31-058,1991,3.0,1,0,0,0,3,0,0,0,0,0,0,0,5,2,0,100.0
Mohammed Muntari,FW,Qatar,28-352,1993,0.7,0,0,0,1,2,0,0,0,2,0,0,0,4,3,1,75.0
Mohammed Salisu,DF,Ghana,23-234,1999,3.0,0,0,0,6,1,0,0,3,1,0,1,0,15,8,8,50.0
Mohammed Waad,MF,Qatar,23-080,1999,0.3,0,0,0,1,0,0,1,1,0,0,0,0,1,0,0,
Moisés Caicedo,MF,Ecuador,21-035,2001,3.0,1,0,0,4,5,0,0,2,5,0,0,0,14,1,1,50.0
Montassar Talbi,DF,Tunisia,24-195,1998,3.0,0,0,0,4,2,0,0,2,2,0,0,0,16,8,9,47.1
Morteza Pouraliganji,DF,IR Iran,30-232,1992,3.0,1,0,0,5,1,0,2,6,2,1,0,0,16,9,6,60.0
Moumi Ngamaleu,FW,Cameroon,28-151,1994,1.1,0,0,0,3,5,0,1,0,1,0,0,0,5,0,2,0.0
Munir,GK,Morocco,33-211,1989,1.0,0,0,0,0,0,0,0,0,0,0,0,0,1,0,1,0.0
Musab Kheder,DF,Qatar,29-072,1993,0.1,0,0,0,0,1,0,0,0,1,0,0,0,0,0,0,
Na Sang-ho,FW,Korea Republic,26-117,1996,1.3,0,0,0,2,0,0,8,0,1,0,0,0,5,3,3,50.0
Nader Ghandri,DF,Tunisia,27-292,1995,1.0,0,0,0,0,1,1,0,1,2,0,0,0,2,2,1,66.7
Nahuel Molina,DF,Argentina,24-245,1998,3.2,0,0,0,2,0,0,2,1,1,0,0,0,8,0,2,0.0
Nampalys Mendy,MF,Senegal,30-167,1992,3.0,1,0,0,5,2,0,2,3,4,0,0,0,18,0,1,0.0
Nasser Al-Dawsari,FW,Saudi Arabia,23-353,1998,0.1,0,0,0,1,0,0,1,0,1,0,0,0,1,0,0,
Nathan Aké,DF,Netherlands,27-292,1995,4.0,1,0,0,3,3,0,0,3,2,0,0,0,15,9,12,42.9
Nathaniel Atkinson,DF,Australia,23-177,1999,0.9,0,0,0,0,0,0,0,1,3,0,0,0,6,0,0,
Nawaf Al Abed,MF,Saudi Arabia,32-315,1990,1.0,1,0,0,2,2,0,2,1,0,0,0,0,2,0,1,0.0
Nayef Aguerd,DF,Morocco,26-252,1996,3.9,0,0,0,2,0,1,0,4,2,0,0,1,18,5,2,71.4
Naïm Sliti,MF,Tunisia,30-133,1992,1.3,0,0,0,0,3,2,13,0,1,0,0,0,8,1,1,50.0
Neco Williams,DF,Wales,21-238,2001,2.3,0,0,0,3,5,0,5,4,3,0,0,0,16,2,1,66.7
Nemanja Gudelj,MF,Serbia,31-021,1991,1.0,2,0,0,3,0,0,0,2,2,0,0,0,6,1,1,50.0
Nemanja Maksimović,MF,Serbia,27-315,1995,1.4,0,0,0,0,1,0,2,3,2,0,0,0,6,0,3,0.0
Nemanja Radonjić,DF,Serbia,26-295,1996,0.7,0,0,0,0,2,0,6,0,0,0,0,0,6,0,1,0.0
Neymar,MF,Brazil,30-305,1992,1.8,0,0,0,1,12,0,4,0,0,0,0,0,4,0,1,0.0
Niclas Füllkrug,FW,Germany,29-301,1993,0.8,0,0,0,0,1,0,0,0,0,0,0,0,2,4,5,44.4
Nico Elvedi,DF,Switzerland,26-068,1996,2.0,1,0,0,3,1,0,0,1,0,0,0,0,15,2,3,40.0
Nico Schlotterbeck,DF,Germany,23-006,1999,1.0,0,0,0,1,1,0,0,1,3,0,0,0,10,2,0,100.0
Nico Williams,FW,Spain,20-148,2002,1.6,0,0,0,0,1,1,6,0,2,0,0,0,7,1,2,33.3
Nicola Zalewski,MF,Poland,20-318,2002,0.7,0,0,0,1,2,0,1,0,0,0,0,0,5,0,1,0.0
Nicolas Jackson,FW,Senegal,21-170,2001,0.2,0,0,0,1,0,0,0,0,0,0,0,0,3,0,2,0.0
Nicolas Nkoulou,DF,Cameroon,32-255,1990,2.0,1,0,0,2,2,0,0,5,0,0,0,0,11,2,4,33.3
Nicolás De La Cruz,MF,Uruguay,25-189,1997,0.4,0,0,0,0,2,0,1,0,0,0,0,0,4,0,1,0.0
Nicolás Otamendi,DF,Argentina,34-298,1988,4.0,0,0,0,6,4,1,0,6,5,0,0,0,19,16,7,69.6
Nicolás Tagliafico,DF,Argentina,30-098,1992,1.3,0,0,0,0,3,1,0,1,2,0,0,0,5,2,1,66.7
Niklas Süle,DF,Germany,27-095,1995,3.0,0,0,0,0,2,0,1,0,4,0,0,0,17,6,3,66.7
Nikola Milenković,DF,Serbia,25-056,1997,3.0,2,0,0,8,2,0,1,6,5,0,0,0,18,6,2,75.0
Nikola Vlašić,FW,Croatia,25-064,1997,0.9,0,0,0,1,1,0,1,0,0,0,0,0,1,2,3,40.0
Noah Okafor,FW,Switzerland,22-197,2000,0.5,0,0,0,2,1,1,0,0,0,0,0,0,4,0,0,
Nouhou Tolo,DF,Cameroon,25-167,1997,3.0,1,0,0,3,1,0,7,6,5,0,0,0,17,4,3,57.1
Noussair Mazraoui,DF,Morocco,25-023,1997,3.6,0,0,0,3,1,0,2,1,8,0,0,0,17,1,2,33.3
Nuno Mendes,DF,Portugal,20-171,2002,0.5,0,0,0,0,2,0,2,2,0,0,0,0,2,1,0,100.0
Néstor Araujo,DF,Mexico,31-100,1991,1.0,1,0,0,2,0,0,2,3,1,0,0,0,6,0,0,
Olivier Giroud,FW,France,36-068,1986,2.5,0,0,0,1,2,1,0,0,0,0,0,0,6,5,5,50.0
Olivier Ntcham,MF,Cameroon,26-301,1996,0.3,0,0,0,0,0,0,0,0,0,0,0,0,1,0,0,
Orbelín Pineda,MF,Mexico,26-258,1996,0.8,0,0,0,2,4,0,0,0,3,0,0,0,4,0,2,0.0
Osman Bukari,MF,Ghana,23-359,1998,0.7,0,0,0,1,1,0,1,1,0,0,0,0,2,1,2,33.3
Otávio,MF,Portugal,27-301,1995,1.4,0,0,0,6,6,0,4,0,3,0,0,0,11,0,0,
Ousmane Dembélé,FW,France,25-206,1997,2.6,0,0,0,2,3,2,13,1,3,0,0,0,15,1,1,50.0
Pablo Sarabia,FW,Spain,30-210,1992,0.0,0,0,0,0,0,0,3,0,0,0,0,0,0,0,0,
Paik Seung-ho,MF,Korea Republic,25-265,1997,0.3,0,0,0,1,0,0,0,0,2,0,0,0,4,1,0,100.0
Pape Abou Cissé,DF,Senegal,27-084,1995,1.2,0,0,0,1,0,0,0,2,0,0,0,0,2,2,3,40.0
Pape Gueye,MF,Senegal,23-317,1999,1.7,0,0,0,3,3,0,1,2,2,0,0,0,5,5,3,62.5
Pape Matar Sarr,MF,Senegal,20-084,2002,0.7,0,0,0,0,1,0,5,0,2,0,0,0,3,1,0,100.0
Papu Gómez,MF,Argentina,34-295,1988,1.2,0,0,0,1,5,1,1,1,0,0,0,0,6,1,0,100.0
Pathé Ciss,MF,Senegal,28-266,1994,1.6,1,0,0,4,0,0,0,2,3,0,0,0,10,5,0,100.0
Pau Torres,DF,Spain,25-325,1997,1.0,0,0,0,1,0,0,0,0,0,0,0,0,6,1,1,50.0
Pedri,MF,Spain,20-012,2002,4.0,0,0,0,2,3,0,2,4,2,0,0,0,27,2,0,100.0
Pedro,FW,Brazil,25-170,1997,0.3,0,0,0,0,1,0,0,0,1,0,0,0,1,0,0,
Pepe,DF,Portugal,39-284,1983,3.0,0,0,0,2,4,1,1,5,0,0,0,0,23,5,4,55.6
Pervis Estupiñán,DF,Ecuador,24-320,1998,3.0,0,0,0,8,3,2,19,3,3,0,0,0,21,3,3,50.0
Phil Foden,FW,England,22-193,2000,1.9,0,0,0,2,1,0,9,0,1,0,0,0,7,1,3,25.0
Piero Hincapié,DF,Ecuador,20-332,2002,3.0,0,0,0,5,1,0,1,2,4,0,1,0,13,5,3,62.5
Pierre Højbjerg,MF,Denmark,27-124,1995,3.0,0,0,0,0,1,0,1,3,2,0,0,0,26,1,0,100.0
Pierre Kunde,MF,Cameroon,27-134,1995,1.5,1,0,0,3,1,0,4,4,2,0,0,0,13,1,0,100.0
Piotr Zieliński,MF,Poland,28-201,1994,3.6,0,0,0,4,2,0,16,1,5,0,0,0,17,0,2,0.0
Przemysław Frankowski,MF,Poland,27-239,1995,2.7,1,0,0,1,5,0,8,3,4,0,0,0,12,1,1,50.0
Rafael Leão,FW,Portugal,23-180,1999,0.7,0,0,0,3,0,0,2,1,0,0,0,0,5,1,0,100.0
Raheem Sterling,FW,England,27-364,1994,1.5,0,0,0,0,2,1,0,1,0,0,0,0,5,1,1,50.0
Ramin Rezaeian,DF,IR Iran,32-261,1990,2.0,1,0,0,2,3,0,11,3,5,0,0,0,22,1,6,14.3
Randal Kolo Muani,FW,France,24-002,1998,1.0,0,0,0,1,1,0,0,1,3,0,0,0,1,4,4,50.0
Raphaël Guerreiro,DF,Portugal,28-350,1993,2.5,0,0,0,2,1,0,9,3,2,0,0,0,16,2,1,66.7
Raphaël Varane,DF,France,29-226,1993,2.5,0,0,0,1,0,0,1,4,0,0,0,0,9,2,4,33.3
Raphinha,FW,Brazil,25-358,1996,2.9,0,0,0,2,2,0,21,3,6,0,0,0,7,0,6,0.0
Rasmus Nissen,DF,Denmark,25-149,1997,2.5,1,0,0,2,1,0,7,1,7,0,0,0,15,3,1,75.0
Raúl Jiménez,FW,Mexico,31-216,1991,0.7,0,0,0,1,1,0,2,1,0,0,0,0,2,3,0,100.0
Remo Freuler,MF,Switzerland,30-236,1992,3.6,0,0,0,6,2,0,0,3,5,0,0,0,19,1,4,20.0
Renato Steffen,FW,Switzerland,31-034,1991,0.4,0,0,0,0,1,1,0,0,0,0,0,0,5,0,1,0.0
Ricardo Horta,FW,Portugal,28-083,1994,1.2,0,0,0,2,1,0,4,1,1,0,0,0,5,0,1,0.0
Ricardo Rodríguez,DF,Switzerland,30-104,1992,4.0,0,0,0,6,2,0,12,0,2,0,0,0,16,10,2,83.3
Richarlison,FW,Brazil,25-211,1997,2.7,0,0,0,3,5,1,1,1,1,1,0,0,12,3,8,27.3
Richie Laryea,DF,Canada,27-334,1995,1.8,0,0,0,1,2,2,1,0,1,0,0,0,11,0,1,0.0
Riley McGree,FW,Australia,24-035,1998,2.9,0,0,0,9,2,0,5,5,1,0,0,0,11,1,2,33.3
Ritsu Doan,FW,Japan,24-174,1998,2.4,0,0,0,3,4,0,9,3,5,0,0,0,11,1,4,20.0
Riyadh Sharahili,MF,Saudi Arabia,29-223,1993,0.6,0,0,0,4,0,0,0,2,0,0,0,0,3,1,1,50.0
Roan Wilson,MF,Costa Rica,20-220,2002,0.0,0,0,0,0,0,0,0,0,0,0,0,0,1,0,0,
Robert Lewandowski,FW,Poland,34-108,1988,4.0,0,0,0,6,9,0,3,1,2,1,0,0,14,16,17,48.5
Robert Skov,DF,Denmark,26-201,1996,0.2,1,0,0,1,0,0,5,0,0,0,0,0,2,0,1,0.0
Roberto Alvarado,FW,Mexico,24-091,1998,0.2,1,0,0,1,0,0,2,0,0,0,0,0,0,1,0,100.0
Rodri,DF,Spain,26-168,1996,4.3,0,0,0,5,1,0,2,3,2,0,0,0,35,16,5,76.2
Rodrigo Bentancur,MF,Uruguay,25-165,1997,2.4,1,0,0,5,3,0,2,7,8,0,0,0,35,6,3,66.7
Rodrigo De Paul,MF,Argentina,28-197,1994,4.0,0,0,0,3,6,0,8,6,4,0,0,0,29,1,2,33.3
Rodrygo,MF,Brazil,21-332,2001,1.4,0,0,0,0,3,1,5,2,1,0,0,0,5,0,2,0.0
Rogelio Funes Mori,FW,Mexico,31-277,1991,0.1,0,0,0,2,1,0,0,0,0,0,0,0,0,0,0,
Romain Saïss,DF,Morocco,32-256,1990,4.3,1,0,0,4,0,2,1,3,2,0,0,0,27,5,0,100.0
Romario Ibarra,MF,Ecuador,28-074,1994,0.8,0,0,0,0,0,0,0,1,0,0,0,0,3,0,1,0.0
Romelu Lukaku,FW,Belgium,29-208,1993,0.6,0,0,0,1,0,0,0,0,0,0,0,0,1,1,0,100.0
Roozbeh Cheshmi,DF,IR Iran,29-136,1993,0.6,0,0,0,1,0,0,0,2,0,0,0,0,4,1,2,33.3
Ruben Vargas,FW,Switzerland,24-124,1998,3.2,1,0,0,4,2,1,15,1,0,0,0,0,11,3,6,33.3
Rubin Colwill,MF,Wales,20-224,2002,0.1,0,0,0,0,0,0,0,0,0,0,0,0,1,0,0,
Ró-Ró,DF,Qatar,32-123,1990,2.9,0,0,0,4,5,0,3,8,4,0,0,0,14,3,2,60.0
Rónald Matarrita,DF,Costa Rica,28-151,1994,0.3,0,0,0,1,1,0,3,0,0,0,0,0,4,0,0,
Rúben Dias,DF,Portugal,25-207,1997,3.0,1,0,0,3,2,0,0,1,2,0,0,0,12,4,2,66.7
Rúben Neves,MF,Portugal,25-269,1997,2.4,1,0,0,3,2,0,2,1,1,0,0,0,11,2,3,40.0
Saad Al Sheeb,GK,Qatar,32-291,1990,1.0,1,0,0,1,1,0,0,0,0,0,1,0,3,1,0,100.0
Sadegh Moharrami,DF,IR Iran,26-281,1996,1.0,0,0,0,2,0,0,3,1,1,0,0,0,6,1,2,33.3
Saeid Ezatolahi,MF,IR Iran,26-067,1996,2.4,0,0,0,2,5,0,4,2,1,0,0,0,17,6,4,60.0
Saleh Al-Shehri,FW,Saudi Arabia,29-036,1993,2.5,1,0,0,6,5,0,1,0,1,1,0,0,7,6,7,46.2
Salem Al-Dawsari,MF,Saudi Arabia,31-110,1991,3.0,1,0,0,3,3,0,3,1,4,0,0,0,16,1,1,50.0
Salis Abdul Samed,MF,Ghana,22-256,2000,2.8,0,0,0,5,2,0,2,4,2,0,0,0,15,0,3,0.0
Salman Al-Faraj,MF,Saudi Arabia,33-128,1989,0.5,0,0,0,0,0,0,1,0,0,0,0,0,1,0,0,
Sam Adekugbe,DF,Canada,27-325,1995,1.1,1,0,0,1,0,0,5,1,0,0,0,0,3,2,0,100.0
Saman Ghoddos,MF,IR Iran,29-092,1993,0.5,0,0,0,1,0,0,2,0,0,0,0,0,1,0,1,0.0
Sami Al-Najei,MF,Saudi Arabia,25-303,1997,0.5,0,0,0,0,0,0,5,0,0,0,0,0,2,0,1,0.0
Samuel Oum Gouet,MF,Cameroon,24-359,1997,1.1,0,0,0,0,1,0,1,0,1,0,0,0,10,1,0,100.0
Sardar Azmoun,FW,IR Iran,27-340,1995,1.4,0,0,0,1,1,1,0,0,0,0,0,0,3,4,5,44.4
Saud Abdulhamid,DF,Saudi Arabia,23-142,1999,3.0,1,0,0,7,5,0,9,2,2,0,1,0,14,4,6,40.0
Saša Lukić,MF,Serbia,26-116,1996,2.7,1,0,0,7,1,0,1,1,0,0,0,0,19,3,3,50.0
Sebastian Szymański,MF,Poland,23-211,1999,1.5,0,0,0,1,3,0,3,2,3,0,0,0,6,1,5,16.7
Sebastián Coates,DF,Uruguay,32-061,1990,2.0,1,0,0,2,0,0,0,1,0,0,0,0,9,7,0,100.0
Selim Amallah,MF,Morocco,26-022,1996,2.9,0,0,0,6,5,0,1,5,4,0,0,0,7,1,5,16.7
Serge Gnabry,FW,Germany,27-146,1995,2.9,0,0,0,2,2,3,7,2,2,0,0,0,11,0,2,0.0
Sergej Milinković-Savić,MF,Serbia,27-283,1995,2.6,1,0,0,2,4,0,1,2,1,0,0,0,18,3,3,50.0
Sergio Busquets,MF,Spain,34-144,1988,4.0,1,0,0,3,3,0,0,1,4,0,0,0,28,8,5,61.5
Sergio Rochet,GK,Uruguay,29-259,1993,3.0,0,0,0,1,0,0,0,0,0,0,1,0,2,1,0,100.0
Sergiño Dest,DF,United States,22-034,2000,3.4,1,0,0,4,2,0,9,2,2,0,0,0,13,1,3,25.0
Shaquell Moore,DF,United States,26-035,1996,0.2,0,0,0,3,0,0,0,0,2,0,0,0,2,1,0,100.0
Shogo Taniguchi,DF,Japan,31-145,1991,2.3,1,0,0,3,0,0,0,1,0,0,0,0,8,8,3,72.7
Shūichi Gonda,GK,Japan,33-279,1989,4.3,0,0,0,1,0,0,0,0,0,0,1,0,1,1,0,100.0
Silvan Widmer,DF,Switzerland,29-277,1993,2.9,1,0,0,4,2,0,2,2,6,0,0,0,13,3,1,75.0
Simon Kjær,DF,Denmark,33-256,1989,0.7,0,0,0,0,0,0,0,5,0,0,0,0,6,3,1,75.0
Sofiane Boufal,FW,Morocco,29-081,1993,3.0,0,0,0,7,10,2,5,2,4,0,0,0,13,1,4,20.0
Sofyan Amrabat,MF,Morocco,26-108,1996,4.3,1,0,0,8,5,1,0,6,8,0,0,0,33,0,1,0.0
Son Heung-min,FW,Korea Republic,30-152,1992,4.0,0,0,0,1,6,2,21,2,2,0,0,0,16,0,2,0.0
Son Jun-ho,MF,Korea Republic,30-209,1992,0.8,0,0,0,5,0,0,0,3,3,0,0,0,9,0,1,0.0
Sorba Thomas,MF,Wales,23-107,1999,0.0,0,0,0,0,0,0,1,0,1,0,0,0,1,0,0,
Srđan Babić,DF,Serbia,26-229,1996,0.1,0,0,0,0,0,0,0,0,0,0,0,0,1,0,0,
Stefan Mitrović,DF,Serbia,32-199,1990,0.4,0,0,0,0,0,0,0,0,0,0,0,0,1,0,2,0.0
Stephen Eustáquio,MF,Canada,25-351,1996,1.4,0,0,0,1,1,0,1,2,2,0,0,0,10,1,1,50.0
Steve Mandanda,GK,France,37-254,1985,1.0,0,0,0,0,0,0,0,0,0,0,0,0,1,0,0,
Steven Berghuis,MF,Netherlands,30-353,1991,1.4,0,0,0,1,0,0,3,0,1,0,0,0,6,1,2,33.3
Steven Bergwijn,FW,Netherlands,25-060,1997,1.9,0,0,0,2,3,0,0,0,1,0,0,0,2,0,0,
Steven Vitória,DF,Canada,35-330,1987,3.0,1,0,0,6,5,0,0,0,3,0,0,0,18,4,2,66.7
Strahinja Pavlović,DF,Serbia,21-197,2001,2.6,2,0,0,6,4,0,1,1,2,0,0,0,18,12,2,85.7
Sultan Al-Ghanam,DF,Saudi Arabia,28-215,1994,1.4,0,0,0,2,0,1,7,2,0,0,0,0,4,0,0,
Taha Yassine Khenissi,FW,Tunisia,30-335,1992,0.3,1,0,0,3,1,0,0,0,0,0,0,0,0,1,2,33.3
Tajon Buchanan,MF,Canada,23-302,1999,2.9,1,0,0,6,6,2,8,3,1,0,0,0,14,1,2,33.3
Takefusa Kubo,FW,Japan,21-186,2001,1.0,0,0,0,2,2,1,0,0,1,0,0,0,4,1,1,50.0
Takehiro Tomiyasu,DF,Japan,24-032,1998,2.1,0,0,0,1,0,0,0,0,0,0,0,0,12,6,4,60.0
Takuma Asano,FW,Japan,28-027,1994,1.8,0,0,0,4,0,2,1,1,0,0,0,0,8,1,9,10.0
Takumi Minamino,FW,Japan,27-325,1995,0.7,0,0,0,1,0,0,3,0,1,0,0,0,4,0,2,0.0
Tarek Salman,DF,Qatar,25-002,1997,0.1,0,0,0,0,0,0,1,1,0,0,0,0,1,0,0,
Tariq Lamptey,DF,Ghana,22-068,2000,1.1,1,0,0,3,2,0,3,1,1,0,0,0,8,0,1,0.0
Teun Koopmeiners,MF,Netherlands,24-282,1998,1.6,1,0,0,5,1,0,2,4,4,0,0,0,9,4,2,66.7
Theo Hernández,DF,France,25-062,1997,2.9,0,0,0,2,6,0,9,2,5,0,0,0,11,5,2,71.4
Thiago Almada,MF,Argentina,21-225,2001,0.1,0,0,0,0,0,0,0,0,0,0,0,0,0,0,0,
Thiago Silva,DF,Brazil,38-076,1984,3.0,0,0,0,2,2,0,0,3,0,0,0,0,11,4,2,66.7
Thibaut Courtois,GK,Belgium,30-210,1992,3.0,0,0,0,0,0,0,0,0,0,0,0,0,2,0,0,
Thilo Kehrer,DF,Germany,26-077,1996,0.8,1,0,0,3,0,0,0,3,2,0,0,0,3,0,0,
Thomas Delaney,MF,Denmark,31-095,1991,0.5,0,0,0,0,0,0,1,0,1,0,0,0,2,2,1,66.7
Thomas Meunier,DF,Belgium,31-086,1991,2.3,1,0,0,4,1,0,6,2,6,0,0,0,13,2,3,40.0
Thomas Müller,FW,Germany,33-085,1989,2.2,0,0,0,0,1,2,5,1,2,0,0,0,1,1,7,12.5
Thomas Partey,MF,Ghana,29-177,1993,3.0,0,0,0,3,2,0,1,0,5,0,0,0,21,6,3,66.7
Thorgan Hazard,FW,Belgium,29-253,1993,1.2,0,0,0,2,2,1,9,0,2,0,0,0,6,0,3,0.0
Tim Ream,DF,United States,35-063,1987,4.0,1,0,0,1,2,0,0,4,3,0,0,0,19,6,8,42.9
Timothy Castagne,DF,Belgium,27-002,1995,3.0,0,0,0,3,1,0,3,2,4,0,0,0,9,2,3,40.0
Timothy Weah,FW,United States,22-288,2000,3.5,0,0,0,1,1,2,8,0,0,0,0,0,10,2,3,40.0
Toby Alderweireld,DF,Belgium,33-280,1989,3.0,0,0,0,0,0,0,2,0,2,0,0,0,9,1,2,33.3
Trent Alexander-Arnold,DF,England,24-061,1998,0.4,0,0,0,1,0,0,0,0,0,0,0,0,1,0,0,
Tyler Adams,MF,United States,23-296,1999,4.0,1,0,0,5,5,0,2,4,9,0,0,0,33,5,2,71.4
Unai Simón,GK,Spain,25-179,1997,4.3,0,0,0,0,0,0,0,0,0,0,0,0,11,2,0,100.0
Uriel Antuna,FW,Mexico,25-108,1997,0.9,0,0,0,0,1,2,7,0,3,0,0,0,1,0,2,0.0
Vanja Milinković-Savić,GK,Serbia,25-290,1997,3.0,0,0,0,0,0,0,0,1,0,0,0,0,5,1,0,100.0
Victor Nelsson,DF,Denmark,24-054,1998,1.0,0,0,0,0,2,0,0,2,0,0,0,0,3,4,3,57.1
Vincent Aboubakar,FW,Cameroon,30-319,1992,1.6,2,1,1,3,2,0,0,0,0,0,0,0,3,2,3,40.0
Vincent Janssen,FW,Netherlands,28-175,1994,1.0,0,0,0,2,2,0,0,0,0,0,0,0,2,1,1,50.0
Vinicius Júnior,FW,Brazil,22-148,2000,2.6,0,0,0,0,6,2,9,0,1,0,0,0,11,0,0,
Virgil van Dijk,DF,Netherlands,31-152,1991,4.0,0,0,0,3,2,0,0,3,1,0,0,0,22,11,7,61.1
Vitinha,MF,Portugal,22-297,2000,1.1,0,0,0,0,1,0,1,1,2,0,0,0,3,0,1,0.0
Wahbi Khazri,FW,Tunisia,31-302,1991,0.9,0,0,0,1,2,2,2,0,0,0,0,0,5,0,0,
Wajdi Kechrida,DF,Tunisia,27-032,1995,1.2,1,0,0,2,0,0,5,0,3,0,0,0,6,1,2,33.3
Walid Cheddira,FW,Morocco,24-319,1998,0.4,0,0,0,0,0,1,0,0,0,0,0,0,0,2,1,66.7
Walker Zimmerman,DF,United States,29-202,1993,3.1,0,0,0,3,0,0,0,4,2,0,1,0,17,8,5,61.5
Wataru Endo,MF,Japan,29-301,1993,3.4,1,0,0,7,9,0,2,3,4,0,0,0,22,8,8,50.0
Wayne Hennessey,GK,Wales,35-317,1987,1.9,0,1,0,1,0,0,0,0,0,0,0,0,0,1,0,100.0
Weston McKennie,MF,United States,24-101,1998,3.0,1,0,0,6,2,0,1,0,1,0,0,0,14,3,3,50.0
William Carvalho,MF,Portugal,30-244,1992,2.4,0,0,0,3,2,0,0,0,5,0,0,0,15,4,0,100.0
William Saliba,DF,France,21-258,2001,0.3,0,0,0,0,1,0,0,0,0,0,0,0,3,0,0,
Wojciech Szczęsny,GK,Poland,32-233,1990,4.0,0,0,0,1,1,0,0,0,0,0,1,0,4,2,0,100.0
Wout Weghorst,FW,Netherlands,30-122,1992,0.2,0,0,0,2,0,1,0,0,0,0,0,0,1,0,2,0.0
Wéverton,GK,Brazil,34-359,1987,0.1,0,0,0,0,0,0,0,0,0,0,0,0,0,0,0,
Xavi Simons,FW,Netherlands,19-230,2003,0.1,0,0,0,0,1,0,0,0,0,0,0,0,0,1,0,100.0
Xherdan Shaqiri,FW,Switzerland,31-058,1991,2.5,0,0,0,2,6,0,15,0,0,0,0,0,6,1,4,20.0
Yahya Attiat Allah,DF,Morocco,27-280,1995,1.0,0,0,0,2,1,0,1,0,1,0,0,0,7,0,1,0.0
Yahya Jabrane,MF,Morocco,31-172,1991,0.1,0,0,0,0,0,0,0,0,0,,,0,,,,
Yann Sommer,GK,Switzerland,33-355,1988,3.0,0,0,0,0,0,0,0,0,0,0,0,0,5,0,1,0.0
Yannick Carrasco,FW,Belgium,29-094,1993,1.3,1,0,0,1,2,0,2,1,4,0,1,0,8,0,0,
Yasser Al-Shahrani,DF,Saudi Arabia,30-196,1992,1.0,0,0,0,1,0,0,1,6,1,0,0,0,5,0,0,
Yassine Bounou,GK,Morocco,31-246,1991,3.3,0,0,0,0,0,0,0,0,0,0,0,0,2,1,0,100.0
Yassine Meriah,DF,Tunisia,29-158,1993,3.0,0,0,0,3,1,0,2,1,2,0,0,0,16,5,6,45.5
Yeltsin Tejeda,MF,Costa Rica,30-265,1992,3.0,0,0,0,0,2,0,0,1,2,0,0,0,14,4,2,66.7
Youri Tielemans,MF,Belgium,25-214,1997,1.1,0,0,0,2,1,0,1,2,1,0,0,0,9,2,1,66.7
Youssef En-Nesyri,FW,Morocco,25-189,1997,3.6,0,0,0,1,3,3,0,0,1,0,0,0,11,13,12,52.0
Youssef Msakni,MF,Tunisia,32-040,1990,1.9,0,0,0,0,4,0,2,0,1,0,0,0,9,3,6,33.3
Youssouf Fofana,MF,France,23-331,1999,1.2,0,0,0,1,0,0,0,1,2,0,0,0,10,0,0,
Youssouf Sabaly,DF,Senegal,29-277,1993,4.0,0,0,0,3,12,0,7,4,6,0,0,0,27,4,3,57.1
Youssoufa Moukoko,FW,Germany,18-017,2004,0.0,0,0,0,0,0,0,1,0,0,0,0,0,1,0,0,
Youstin Salas,DF,Costa Rica,26-173,1996,0.5,0,0,0,0,0,0,0,0,1,0,0,0,5,1,0,100.0
Yuki Soma,FW,Japan,25-285,1997,0.9,0,0,0,2,3,0,6,0,0,0,0,0,2,0,0,
Yunus Musah,MF,United States,20-008,2002,3.8,0,0,0,9,3,0,8,2,6,0,0,0,23,3,3,50.0
Yuto Nagatomo,MF,Japan,36-086,1986,2.3,0,0,0,6,0,0,6,0,2,0,0,0,11,1,2,33.3
Zakaria Aboukhlal,MF,Morocco,22-292,2000,0.5,0,0,0,1,0,0,1,1,1,0,0,0,3,0,0,
Álvaro Morata,FW,Spain,30-045,1992,2.1,0,0,0,1,2,5,0,0,1,0,0,0,2,1,0,100.0
Álvaro Zamora,MF,Costa Rica,20-273,2002,0.3,0,0,0,0,0,1,0,1,0,0,0,0,1,0,1,0.0
Ángel Di María,MF,Argentina,34-296,1988,2.4,0,0,0,0,4,4,19,0,1,0,0,0,4,0,0,
Ángelo Preciado,DF,Ecuador,24-292,1998,2.9,0,0,0,8,2,0,8,6,5,0,0,0,10,3,2,60.0
Éder Militão,DF,Brazil,24-323,1998,2.7,1,0,0,5,1,0,1,1,3,0,0,0,18,2,3,40.0
Óscar Duarte,DF,Costa Rica,33-187,1989,3.0,1,0,0,1,0,0,0,6,2,0,1,0,9,2,3,40.0
İlkay Gündoğan,MF,Germany,32-044,1990,2.1,0,0,0,3,2,1,1,1,1,0,0,0,18,3,2,60.0
